{"aiG11piq3mM8vNJyRyUi7Q==":"logo_sahabat_puan-removebg-preview-96x96.png","jngQrPJsNXY7+iVU81dSJg==":"logo_sahabat_puan-removebg-preview-1-96x96.png","Hv1BF/bX5whyNOSkAc9Kew==":"perhatikan-ini-7-tanda-perlu-segera-mengunjungi-psikolog-.jpg.webp","1eY2dh0moBKUo4tWQEmEBg==":"7e65784bf089f23e052d9eb4b9c6c6a0-626x274.jpg","SC6ZJ676ZCZIoXc0SuQ6VQ==":"perhatikan-ini-7-tanda-perlu-segera-mengunjungi-psikolog-.jpg-transformed.webp","A0nxc24DmvTKbcXUn+D2/w==":"doctor_2022_02_23-1.1214816455901086e+31-176x176.jpg","g9x+lJ84HRLoU/P6naS5hg==":"885486_16-11-2020_9-47.webp","2Z1QGIivuoHv3HiFDHUwRg==":"ini-dia-6-gangguan-mental-yang-sering-menyerang-wanita-540x270.jpg","WD9+N2aATCWIuzPj1EMpYA==":"ini-dia-6-gangguan-mental-yang-sering-menyerang-wanita-540x270.jpeg","UQn0R9SbyXSYfCmilzG5xA==":"ini-dia-6-gangguan-mental-yang-sering-menyerang-wanita-1-540x270.jpeg","1uCOx69H3AMmWEYRfENrUA==":"jenis-jenis-sakit-jiwa-gejala-dan-penanganannya-150x99.jpg","2zdq5ZZhE9TYPL9EjBDsfg==":"anak-remaja-lebih-rentan-alami-gangguan-psikologis-benarkah-halodoc.jpg.webp","9PdxOFsmk/bqeuzMokLQPQ==":"7e65784bf089f23e052d9eb4b9c6c6a0-transformed-1800x788.jpg","KNMposeleXmMB4kH5LmiLw==":"konsultasi%202.webp","rQVGh3jRCod/UAICUFFpqA==":"pexels-photo-7176319.webp","fJ8W4AiUye1qJ+yqT9vXSQ==":"pexels-photo-7176029-1125x750.jpg","+cUcUum9mpHSbjOGSoouSQ==":"pexels-photo-5217851-1125x750.jpg","X7oaCnZIeJHD5TQJwNZKng==":"pexels-photo-6383282.webp","vWD7gL+T/ISKTW3CVwPvOA==":"ucapan-hari-jadi-kota-palu-27-september-2023.webp","+iIW0/ylqccFz+oQkVQ7ew==":"foto-dr-ike-1.webp","TuYdiRULHkH7JupROPxTAg==":"psikolog-176x99.jpg","Mhcv54sj7QIoezlpwlfPxg==":"foto-dr-ike-2.webp","zpuLu+c/t9UlW0fivS4CUQ==":"pexels-photo-7579827.webp","mClkMv9yCsi7M8bNpDLm7g==":"pexels-photo-1970139.webp","PnuYmO63IwWhvoiZytV8WA==":"free-photo-of-wanita-perempuan-kaum-wanita-bunga-500x750.jpg","05chCRUueadX69Upcdiprg==":"istockphoto-1416791078-1024x684.jpg","bZWMJ5Vff8K3eE2P5Vw/kg==":"pexels-photo-6471421.webp","iiIhRO6+/Hkq5TsPw8+cHw==":"pexels-photo-8201206.webp","r+nJ+HbcbLxGdoL93f9Rdg==":"dr-nur-azizah%20(1)-176x176.jpg","ajmqWQ9az98tD41r5jMP0g==":"mbr-160x107.jpg","HVO4y5YdtnF3LkrWZ84mxw==":"mbr-160x240.jpg","Hg15dw8x8Th/CSvxo30tzw==":"mbr-160x240.jpeg","R6Pz9osmVrPVKs/Akn1zIw==":"mbr-160x90.jpg","kf06iDChGT7fSYoH4SiU7A==":"mbr-160x106.jpeg","4BvKwZDSXdR2igrxxatonA==":"mbr-160x160.jpg","YH1Z14AolTNXc7m8e6MsYw==":"desain%20tanpa%20judul-1125x795.jpg","UQavT8qI/HLXnoXaN5aIVg==":"desain%20tanpa%20judul%20(1)-1125x750.jpg","O2GAlUuv5N8vLMGAZ8HGVg==":"desain%20tanpa%20judul%20(2)-1125x750.jpg","fxnTkDS0zPx266lf8pmV7w==":"pexels-photo-10118239-400x600.jpeg","2gh3opPv7yDXpdDM+pCnPw==":"pexels-photo-4834151-500x750.jpg","qzPqwUz6BGdPwbZKthdL3Q==":"pexels-photo-4834151-500x750.jpeg","eK9ffYAxFRsiN8lZSc+jxg==":"pexels-photo-4834148-1125x750.jpg","ZpB4VXEE9Nz+UOoY2yc29g==":"dr.-fazia-edit-770x962.png","gZ/FiqbQKx+3NVuwhLKlHw==":"karina%20delicia%20budiono,%20m.%20psi.,%20psikolog%20%20%20copy.jpg-200x200.jpg","DcMHsuOCiEiG4toeny+0hQ==":"dr-rayinda-raumanen-mamahit-edit-770x962.png","MMcP5wfC5a6OGsWEdugsUQ==":"1-688x982.png","iYCsK5mUQybx3UYAsY0vxA==":"pexels-photo-413885.webp","0PIyaAhR09sCivzzX2xg/g==":"perempuan%20depresi.webp","Qf7qhkEOFOOLYkMzU+o3LA==":"riau24-1664077835-188x99.jpeg","OZVWloTPWuykfpbpKdwYow==":"pexels-photo-3755761.webp","d1GdFVnhzPwRmSjP/iHC5A==":"20170728130224-2-72a941c6bb2b717b709de77de3c4f8c9_600x400-188x125.jpeg","QkX+9wFbLIyKwS3paTz/Zw==":"043144000_1546455239-wanita-sering-tidak-percaya-diri-karena-6-alasan-ini.webp","jxtwcoVgaUk000+Dov9zfQ==":"31856-ilustrasi-hubungan-toxic-pixabay-188x105.jpg","CVDKyiTfyHhx39kkfsKYHg==":"c3zkrluux4fw0xv-188x106.jpg","4b6vYG7D99iAT1KccODgxg==":"cara-agar-tidak-mudah-menangis.width-800.format-webp.webp","XPK+bncrsur/QeKHnBz6bA==":"depositphotos_125186556-stock-photo-lonely-woman-sitting-on-a-188x125.jpg","M1vjfn1/eFkcBko1YdVutw==":"dr.-fazia-edit-1-770x962.png","eAemEtpikWbzP7g/xzDJhA==":"dr.-fazia-edit-2-770x962.png","uK2wjZrKAsm+xOGRoxQe4A==":"dr.-fazia-edit-3-770x962.png","sciGBzrz9pwQr81ur8vnXA==":"dr.-fazia-edit-4-770x962.png","tOen+vhJF6QSUVIL534skQ==":"dr.-fazia-edit-5-770x962.png","56BElznUeX9oQimMw3C9fA==":"dr-rayinda-raumanen-mamahit-edit-1-770x962.png","r57bTOKQLB17GxpbRZ7wLg==":"1-1-688x982.png","pgudOcEacu/J9l/ubWpCAg==":"whatsapp%20image%202024-11-01%20at%2010.39.48-770x1089.jpeg","VbIuvFS9V3NkyEAYCJGOjA==":"whatsapp%20image%202024-11-01%20at%2010.39.48-770x1089.jpeg","FKwjgoEu+/MSF68r36WZ/Q==":"whatsapp%20image%202024-11-01%20at%2010.39.48-770x1089.jpeg","Kh4KO29diStSIgmev2a9wQ==":"whatsapp%20image%202024-11-01%20at%2010.39.48-770x1089.jpeg","35Zqmsns8n+sCftT6wuv2w==":"whatsapp%20image%202024-11-01%20at%2010.42.20-770x1088.jpeg","uh4uGO++ljRjvP8R3n9OVQ==":"whatsapp%20image%202024-11-01%20at%2010.42.20-770x1088.jpeg","Z4BfQWumy+DgvI1nqHHc0A==":"whatsapp%20image%202024-11-01%20at%2010.42.22-770x1088.jpeg","0a4hMZLWmQYhi2L7tD4azg==":"whatsapp%20image%202024-11-01%20at%2010.42.22-770x1088.jpeg","qYrLRBBqqddiW7997xGTnw==":"whatsapp%20image%202024-11-01%20at%2010.42.22-770x1088.jpeg","LZgQTocJ71zw4Ij1F3kxcA==":"whatsapp%20image%202024-11-01%20at%2010.42.22-770x1088.jpg","/hcwqW8IZjhfFi1dHiKPTQ==":"whatsapp%20image%202024-11-01%20at%2010.42.22-770x1088.jpeg","a+2ynde2ql8fVTPW+bymWg==":"whatsapp%20image%202024-11-01%20at%2010.42.22-770x1088.jpeg","24h+KvnDflEUtFA/UCjFvA==":"whatsapp%20image%202024-11-01%20at%2010.42.20-770x1088.jpeg","Fs9HrsE93jUDJfkkglURxA==":"whatsapp%20image%202024-11-01%20at%2010.42.20-770x1088.jpeg","D4faqWilwVK7nSXT9z0adA==":"whatsapp%20image%202024-11-01%20at%2010.42.20-770x1088.jpeg","HQgja/uaQBOkl+Z6Pf8oiw==":"whatsapp%20image%202024-11-01%20at%2010.42.20-770x1088.jpeg","FDVeCt6kJ+A+veo2aF1Ulw==":"mbr-1604x1127.jpg","WXk/m1mbfyTa9ELwxYXlXw==":"whatsapp%20image%202024-11-01%20at%2010.57.53%20(1)-1200x1800.jpg","qeAcM2MSSeDyu9bKl8EUzg==":"whatsapp%20image%202024-11-01%20at%2010.57.53%20(1)-1200x1800.jpeg","4gQv+5At8Zt6nV8DgsPslg==":"whatsapp%20image%202024-11-01%20at%2010.57.53-750x1000.jpg","G7TjCbEeOc/y6iuVpQRGpw==":"pexels-photo-7659570.webp","jqaeiYaPfR+ZrjON8F2N1g==":"images%20(1)-275x183.jpg","VaTmwitySc+DTjQCTFrLrA==":"2172ed13-ff55-4350-9429-06f44273b138%20(1)-740x493.jpg","5Bq7czDWpSPeS8gSUdCjFw==":"pexels-photo-19131211.webp","30j6aZBLlxNy6EW9kW48/w==":"pexels-photo-19131212.webp","SP2SLrPPbWzONjGquisNpA==":"pexels-photo-19131213.webp","qBR6inwXsaWkHxVuP8jAlw==":"pexels-photo-7578798.webp","7hKRPTVVBUqyW4nTAej7Mw==":"pexels-photo-3958385.webp","RbbcljeiDgPAiyotCr3Png==":"pexels-photo-3958386.webp","lwde5gSLKrFNdfcbMSuBtA==":"pexels-photo-3958387.webp","c6xOJdEnxjEd8wUHzvWwOQ==":"c278c22c-ff49-4bc1-9650-259a582563e0-450x300.jpg","pVgF0UJM/k2mbRED0s8u3w==":"0788921b-84ca-496f-b468-ed5cbaee9b3f-750x450.jpg","jRB1+6BKjAbVvsGTdU8TJg==":"1b9eac99-d75c-4a1e-a8ab-df076a49fdc6-681x451.jpg","nvzgQZZOU2D1jXqa4Cl4XA==":"f39cff39-e83b-4090-be9c-8b8e340b9848-720x477.jpg","pTFB3kAxSwOP9Zm61Yltjw==":"c1936a4c-d7cb-4003-852b-6242e4eea529-509x339.jpg","NKIl/M1i7eit6C3QqZlBlg==":"37d1b96a-cbd7-4f16-9e40-e6eedc25b890-815x544.jpg","dXbPrQFCl4PbmNRl5MET9g==":"pexels-photo-6599020-500x750.jpeg","W6ptqr1IAKLSsa1w/gAYWA==":"pexels-photo-13087348.webp","SNFlIJdzsi0E/IcTI+u1oA==":"pexels-photo-19739163.webp","WgKDxAJZwFf8I3O8G8nifw==":"pexels-photo-23638608.webp","2Fj54kGvuOFL+QANTvpZwg==":"pexels-photo-13086434.webp","4sqAYRgC0Fcy0WGXqH9h5g==":"depositphotos_125186556-stock-photo-lonely-woman-sitting-on-a-1023x682.jpg","h5rBp2Lx+FcRLDnnyz/Snw==":"riau24-1664077835-720x378.jpg","3fQAfVoo49dY7jy2Y1jvag==":"2c52a3ae-f6e5-48fc-b243-de1ee9d80493-678x452.jpg","VV+uv38Ibb+zR5pyzFDW9w==":"pexels-photo-4047000.webp","mspUUgYvnOhyS0d3HO9RNg==":"pexels-photo-5214956-500x750.jpg","tcDbf3AI6sWjYJypcBk2VA==":"pexels-photo-1116304-1260x746.jpg","+DnLORVVY8EaQoS77shflg==":"pexels-photo-5214956-500x750.jpeg","fZlzBISZLYnWW4epptOKmQ==":"pexels-photo-1116304-702x416.jpg","AKRVFxyGKOcjPP81e1gyAQ==":"perempuan%20depresi.webp","hgk7qniOpJwuXtfR/fCp+w==":"pexels-photo-6599020-500x750.jpg","PtTy7DLd26sqaVVvF4frjA==":"karina%20delicia%20budiono,%20m.%20psi.,%20psikolog%20%20%20copy.jpg-179x179.jpg","nlbDDq45Jb1nZSlJHy5C+A==":"pexels-photo-7219152.webp","LV5CxLtKajyrg8KPGMFIRQ==":"free-photo-of-pantai-orang-orang-masyarakat-rakyat-819x546.jpg","3VRMiza+bRUxM3lSheoVOA==":"pexels-photo-3811108.webp","Sogk+6cvWtSe+Y+7jjpJDw==":"pexels-photo-6299288-819x546.jpg","n687FonjjcA2YtZ/0CBnMg==":"pexels-photo-8380087-819x546.jpg","4uh+ZFUTHACJ/Sh2a6vjpw==":"pexels-photo-10294304.webp","84AaH/0CcaChEryc3Gloyg==":"pexels-photo-8837144-819x546.jpg","zS+Kwewuq7H1YtTClGS6yg==":"pexels-photo-1835927-819x586.jpg","8flSAqhyZ7WfSlRcPqz9/g==":"pexels-photo-7805219.webp","IwIC5KF8o9GlGIWcm4szlg==":"pexels-photo-4911252.webp","JJpTK5/dGTvZkisEgISQ6w==":"pexels-photo-9302067-1125x750.jpg","aY27idH+cA63CmVs2+nP/Q==":"pexels-photo-7176325.webp","llirONloHe/SLEmuqlk6SQ==":"pexels-photo-8380087-1125x750.jpg","/DjVsqOej+HQS2MANEwogg==":"pexels-photo-6476249-1124x750.jpg","XqStexa3ucYeWEdbgE9USg==":"background1.jpg","FHP0IqsOo9aRUrAorKnKAg==":"annisa-300x300-1-300x300.png","NQhNN3Git39seJiX0IosRA==":"andini-500x500.jpg","ZxuQimP3BKz47w/gXBCi5Q==":"20240213-putri-puspitaningrum-1-815x815.jpg","I4qKvy8WPtmcfMaWPno2cg==":"rinda-aanisah-768x768-photoroom-768x768.png","m3RRJLOorRiwezx+L5J88A==":"dr.-fazia-edit-815x1019.png","tJybZtFDTcA6ZEXieXjrfg==":"dr.-fazia-edit-1-815x1019.png","W6flyMb93qoGjuLhvQtFmg==":"dr.-fazia-edit-2-815x1019.png","/TU2q9ZPIBmU5Wccn97+DQ==":"indira-500x500.jpg","dXfSShrzuY3EN78t8A1Njw==":"sarita-deviyanti-815x815.jpg","x+bxMzoD1V3BMM/Ws9tYVg==":"dr.-fazia-edit-3-815x1019.png","7NdR9D/EcKMUDuHwuod/nw==":"20240213-putri-puspitaningrum-1-1255x1255.jpg","Ynz550PgdEa6W99wRKjUyg==":"sarita-deviyanti-1383x1383.jpg","NJ0UINNcPgkkwORP2t/N2Q==":"dr.-fazia-edit-1080x1350.png","rMYksbqAkucXxH6O53dkCQ==":"free-photo-of-pantai-orang-orang-masyarakat-rakyat-1125x750.jpg","D0kSz31x6Q0xw7JLSIrEqA==":"whatsapp%20image%202024-11-16%20at%2009.37.49-1016x1431.jpg","UVpjPvbI+g1DTBpNkdCU6w==":"whatsapp%20image%202024-11-16%20at%2009.37.50-1105x1332.jpg","dROQYhF9YZe3CYgQEZfFSg==":"whatsapp%20image%202024-11-16%20at%2009.37.50%20(1)-1016x1412.jpg","IpU0jqWlfAwh3NcRzP4kEA==":"whatsapp%20image%202024-11-16%20at%2009.37.51-1003x1565.jpg","9Rq3xo1RuHmwSd1fgByJTQ==":"whatsapp%20image%202024-11-16%20at%2009.33.14-1050x742.jpg","/oK0TnMyltSz51O0eMoKMg==":"pexels-photo-1835927-595x425.jpg","DDY/Q+81pM7nv6wWQYLxjg==":"pexels-photo-7805220.webp","eNCXkGmCNttyEX/0pts7NA==":"pexels-photo-7805221.webp","v8R9/tg/P48amYppmbNr5A==":"pexels-photo-8837144-819x546.jpeg","5ZC5EN8DzNVH/NMDPHujeQ==":"pexels-photo-3183150-1124x750.jpg","MzoThc7CL/vEmHb5GBB6PA==":"whatsapp%20image%202024-11-16%20at%2014.34.18-1587x2245.jpg","2wLSNE8pTJvg/9KyAbpyBg==":"whatsapp%20image%202024-11-16%20at%2014.34.18%20(1)-1587x2245.jpg","oCaNc8f9EJsKGe9nyf1A2Q==":"whatsapp%20image%202024-11-16%20at%2014.34.19-1587x2245.jpg","fWe9AgC/9ucqWMOBkRSkKA==":"whatsapp%20image%202024-11-16%20at%2014.34.18%20(1)-1587x2245.jpeg","dveBYGLMucDaXeelg8Th1A==":"whatsapp%20image%202024-11-16%20at%2014.34.19-1587x2245.jpeg","qSXr/Ce6xhcXYtglyz2xAg==":"whatsapp%20image%202024-11-16%20at%2014.34.19-1587x2245.jpeg","I53GfON05yYrgXslvZg0KA==":"whatsapp%20image%202024-11-16%20at%2014.34.18-1587x2245.jpeg","BVDivxX7vteYAs5mJmFtRg==":"whatsapp%20image%202024-11-16%20at%2014.34.19-1587x2245.jpeg","pQM3hnVMc24PVV5N7rqKKw==":"whatsapp%20image%202024-11-16%20at%2014.34.19-1587x2245.jpeg","ihG/KMiArfhGaaEtULUwiA==":"pexels-photo-4098167.webp","qs4WD0VkOn+tGRIJOEcxRA==":"whatsapp%20image%202024-11-16%20at%2014.34.19-1587x2245.jpeg","ZIHlcsLrq9dZz+YqPY1EeA==":"whatsapp%20image%202024-11-16%20at%2014.34.18-1587x2245.jpeg","yvmzY0zOOWpxLxI1QhIQ0w==":"whatsapp%20image%202024-11-16%20at%2014.34.18%20(1)-1587x2245.jpeg","e3g7lfaX7T0biBVJUwAKYA==":"whatsapp%20image%202024-11-16%20at%2014.34.19-1587x2245.jpeg","gh7EGvg51WF+Jwo0o7MuJw==":"whatsapp%20image%202024-11-16%20at%2014.34.18%20(1)-1587x2245.jpeg","QVAtrsrWKnSDSS/9uaSl/A==":"whatsapp%20image%202024-11-16%20at%2014.34.19-1587x2245.jpeg","NwiQ3lutyH2cciwA74vFNA==":"whatsapp%20image%202024-11-16%20at%2014.34.18%20(1)-1587x2245.jpeg"}